{
    "states": [
        {
            "date": "4-4-2022",
            "time": "11:55:42",
            "allTasks": 3,
            "allColumns": 2,
            "columnsArray": [
                [
                    [
                        ",n",
                        "2022-04-09",
                        "11:47",
                        "11:50",
                        "task_1",
                        "1"
                    ],
                    [
                        "gbgb",
                        "2022-04-06",
                        "11:55",
                        "11:57",
                        "task_3",
                        "1"
                    ]
                ],
                [
                    [
                        ", , ,b ",
                        "2022-04-08",
                        "11:47",
                        "11:50",
                        "task_2",
                        "2"
                    ]
                ]
            ]
        },
        {
            "date": "4-4-2022",
            "time": "12:55:42",
            "allTasks": 4,
            "allColumns": 3,
            "columnsArray": [
                [
                    [
                        ",n",
                        "2022-04-09",
                        "11:47",
                        "11:50",
                        "task_1",
                        "1"
                    ],
                    [
                        "gbgb",
                        "2022-04-06",
                        "11:55",
                        "11:57",
                        "task_3",
                        "1"
                    ]
                ],
                [
                    [
                        ", , ,b ",
                        "2022-04-08",
                        "11:47",
                        "11:50",
                        "task_2",
                        "2"
                    ]
                ],
                [
                    [
                        "trois petits",
                        "2022-04-04",
                        "14:30",
                        "14:35",
                        "task_4",
                        "3"
                    ]
                ]
            ]
        },
        {
            "date": "4-4-2022",
            "time": "14:29:45",
            "allTasks": 4,
            "allColumns": 3,
            "archivedTasks": 0,
            "columnsArray": [
                [
                    [
                        "cuisine",
                        "2022-04-09",
                        "11:47",
                        "11:50",
                        "task_1",
                        "1"
                    ]
                ],
                [
                    [
                        "balais",
                        "2022-04-08",
                        "11:47",
                        "11:50",
                        "task_2",
                        "2"
                    ]
                ],
                [
                    [
                        "trois petits",
                        "2022-04-04",
                        "14:45",
                        "14:47",
                        "task_3",
                        "3"
                    ]
                ]
            ]
        },
        {
            "date": "4-4-2022",
            "time": "14:51:40",
            "allTasks": 3,
            "allColumns": 2,
            "archivedTasks": 0,
            "columnsArray": [
                [
                    [
                        "cuisine",
                        "2022-04-09",
                        "11:47",
                        "11:50",
                        "task_1",
                        "1"
                    ],
                    [
                        "repassage",
                        "2022-04-07",
                        "14:53",
                        "14:55",
                        "task_3",
                        "1"
                    ]
                ],
                [
                    [
                        "trois petits",
                        "2022-04-04",
                        "14:45",
                        "14:47",
                        "task_2",
                        "2"
                    ]
                ]
            ]
        },
        {
            "date": "4-4-2022",
            "time": "14:56:41",
            "allTasks": 4,
            "allColumns": 2,
            "archivedTasks": 0,
            "columnsArray": [
                [
                    [
                        "cuisine",
                        "2022-04-09",
                        "11:47",
                        "11:50",
                        "task_1",
                        "1"
                    ],
                    [
                        "repassage",
                        "2022-04-07",
                        "14:53",
                        "14:55",
                        "task_3",
                        "1"
                    ],
                    [
                        "b, ,",
                        "2022-04-04",
                        "14:57",
                        "14:59",
                        "task_2",
                        "1"
                    ]
                ],
                [
                    [
                        "trois petits",
                        "2022-04-04",
                        "14:45",
                        "14:47",
                        "task_4",
                        "2"
                    ]
                ]
            ]
        },
        {
            "date": "4-4-2022",
            "time": "14:59:16",
            "allTasks": 4,
            "allColumns": 3,
            "archivedTasks": 0,
            "columnsArray": [
                [
                    [
                        "cuisine",
                        "2022-04-09",
                        "11:47",
                        "11:50",
                        "task_1",
                        "1"
                    ],
                    [
                        "repassage",
                        "2022-04-07",
                        "14:53",
                        "14:55",
                        "task_3",
                        "1"
                    ]
                ],
                [
                    [
                        "trois petits",
                        "2022-04-04",
                        "14:45",
                        "14:47",
                        "task_4",
                        "2"
                    ]
                ],
                [
                    [
                        "b\u00e9b\u00e9",
                        "2022-04-04",
                        "14:57",
                        "14:59",
                        "task_4",
                        "3"
                    ]
                ]
            ]
        },
        {
            "date": "4-4-2022",
            "time": "15:53:0",
            "allTasks": 4,
            "allColumns": 3,
            "archivedTasks": 0,
            "columnsArray": [
                [
                    [
                        "cuisine",
                        "2022-04-09",
                        "11:47",
                        "11:50",
                        "task_1",
                        "1"
                    ],
                    [
                        "repassage",
                        "2022-04-07",
                        "14:53",
                        "14:55",
                        "task_3",
                        "1"
                    ]
                ],
                [
                    [
                        "trois petits",
                        "2022-04-04",
                        "14:45",
                        "14:47",
                        "task_4",
                        "2"
                    ]
                ],
                [
                    [
                        "b\u00e9b\u00e9",
                        "2022-04-04",
                        "14:57",
                        "14:59",
                        "task_4",
                        "3"
                    ]
                ]
            ]
        },
        {
            "date": "4-4-2022",
            "time": "16:3:6",
            "allTasks": 5,
            "allColumns": 4,
            "archivedTasks": 1,
            "columnsArray": [
                [
                    [
                        "cuisine",
                        "2022-04-09",
                        "11:47",
                        "11:50",
                        "task_1",
                        "1"
                    ],
                    [
                        "repassage",
                        "2022-04-07",
                        "14:53",
                        "14:55",
                        "task_3",
                        "1"
                    ]
                ],
                [
                    [
                        "trois petits",
                        "2022-04-04",
                        "14:45",
                        "14:47",
                        "task_4",
                        "2"
                    ]
                ],
                [
                    [
                        "b\u00e9b\u00e9",
                        "2022-04-04",
                        "14:57",
                        "14:59",
                        "task_4",
                        "3"
                    ]
                ],
                []
            ],
            "trash": [
                [
                    [
                        "fa",
                        "2022-04-08",
                        "16:02",
                        "16:06",
                        "task_5",
                        ""
                    ]
                ]
            ]
        },
        {
            "date": "4-4-2022",
            "time": "16:17:33",
            "allTasks": 6,
            "allColumns": 4,
            "archivedTasks": 2,
            "columnsArray": [
                [
                    [
                        "cuisine",
                        "2022-04-09",
                        "11:47",
                        "11:50",
                        "task_1",
                        "1"
                    ]
                ],
                [
                    [
                        "trois petits",
                        "2022-04-04",
                        "14:45",
                        "14:47",
                        "task_4",
                        "2"
                    ]
                ],
                [
                    [
                        "b\u00e9b\u00e9",
                        "2022-04-04",
                        "14:57",
                        "14:59",
                        "task_4",
                        "3"
                    ]
                ],
                [
                    [
                        "fa",
                        "2022-04-08",
                        "16:02",
                        "16:06",
                        "task_5",
                        "4"
                    ]
                ]
            ],
            "trash": [
                [
                    [
                        "vick",
                        "2022-04-09",
                        "16:18",
                        "20:17",
                        "task_6",
                        ""
                    ],
                    [
                        "repassage",
                        "2022-04-07",
                        "14:53",
                        "14:55",
                        "task_3",
                        ""
                    ]
                ]
            ]
        },
        {
            "date": "4-4-2022",
            "time": "17:4:0",
            "allTasks": 7,
            "allColumns": 4,
            "archivedTasks": 3,
            "columnsArray": [
                [
                    [
                        "cuisine",
                        "2022-04-09",
                        "11:47",
                        "11:50",
                        "task_1",
                        "1"
                    ]
                ],
                [
                    [
                        "trois petits",
                        "2022-04-04",
                        "14:45",
                        "14:47",
                        "task_4",
                        "2"
                    ]
                ],
                [
                    [
                        "b\u00e9b\u00e9",
                        "2022-04-04",
                        "14:57",
                        "14:59",
                        "task_4",
                        "3"
                    ]
                ],
                [
                    [
                        "fa",
                        "2022-04-08",
                        "16:02",
                        "16:06",
                        "task_5",
                        "4"
                    ]
                ]
            ],
            "trash": [
                [
                    [
                        "vick",
                        "2022-04-09",
                        "16:18",
                        "20:17",
                        "task_6",
                        ""
                    ],
                    [
                        "repassage",
                        "2022-04-07",
                        "14:53",
                        "14:55",
                        "task_3",
                        ""
                    ],
                    [
                        "jn",
                        "2022-04-15",
                        "17:04",
                        "17:05",
                        "task_7",
                        ""
                    ]
                ]
            ]
        },
        {
            "date": "4-4-2022",
            "time": "17:16:28",
            "allTasks": 8,
            "allColumns": 4,
            "archivedTasks": 3,
            "columnsArray": [
                [
                    [
                        "cuisine",
                        "2022-04-09",
                        "11:47",
                        "11:50",
                        "task_1",
                        "1"
                    ],
                    [
                        "vick",
                        "2022-04-09",
                        "16:18",
                        "20:17",
                        "task_6",
                        "1"
                    ]
                ],
                [
                    [
                        "trois petits",
                        "2022-04-04",
                        "14:45",
                        "14:47",
                        "task_4",
                        "2"
                    ]
                ],
                [
                    [
                        "b\u00e9b\u00e9",
                        "2022-04-04",
                        "14:57",
                        "14:59",
                        "task_4",
                        "3"
                    ]
                ],
                [
                    [
                        "fa",
                        "2022-04-08",
                        "16:02",
                        "16:06",
                        "task_5",
                        "4"
                    ]
                ]
            ],
            "trash": [
                [
                    [
                        "repassage",
                        "2022-04-07",
                        "14:53",
                        "14:55",
                        "task_3",
                        ""
                    ],
                    [
                        "dhy,f,",
                        "2022-04-21",
                        "17:15",
                        "22:16",
                        "task_8",
                        ""
                    ],
                    [
                        "jn",
                        "2022-04-15",
                        "17:04",
                        "17:05",
                        "task_7",
                        ""
                    ]
                ]
            ]
        },
        {
            "date": "4-4-2022",
            "time": "17:30:58",
            "allTasks": 9,
            "allColumns": 4,
            "archivedTasks": 3,
            "columnsArray": [
                [
                    [
                        "cuisine",
                        "2022-04-09",
                        "11:47",
                        "11:50",
                        "task_1",
                        "1",
                        "1"
                    ]
                ],
                [
                    [
                        "trois petits",
                        "2022-04-04",
                        "14:45",
                        "14:47",
                        "task_4",
                        "2",
                        "2"
                    ],
                    [
                        "vick",
                        "2022-04-09",
                        "16:18",
                        "20:17",
                        "task_6",
                        "2",
                        "2"
                    ]
                ],
                [
                    [
                        "b\u00e9b\u00e9",
                        "2022-04-04",
                        "14:57",
                        "14:59",
                        "task_4",
                        "3",
                        "3"
                    ],
                    [
                        "dhy,f,",
                        "2022-04-21",
                        "17:15",
                        "22:16",
                        "task_8",
                        "3",
                        "3"
                    ]
                ],
                [
                    [
                        "fa",
                        "2022-04-08",
                        "16:02",
                        "16:06",
                        "task_5",
                        "4",
                        "4"
                    ]
                ]
            ],
            "trash": [
                [
                    [
                        "jn",
                        "2022-04-15",
                        "17:04",
                        "17:05",
                        "task_7",
                        "",
                        "3"
                    ],
                    [
                        "repassage",
                        "2022-04-07",
                        "14:53",
                        "14:55",
                        "task_3",
                        "",
                        "4"
                    ],
                    [
                        "vbggb",
                        "2022-04-08",
                        "19:30",
                        "23:34",
                        "task_9",
                        "",
                        "2"
                    ]
                ]
            ]
        }
    ]
}